{
    "accuracy": [
        0.9390555620193481,
        0.9801111221313477,
        0.9849444627761841,
        0.988277792930603,
        0.9902963042259216,
        0.9918703436851501,
        0.9925370216369629
    ],
    "loss": [
        0.1996711939573288,
        0.06734047830104828,
        0.048432763665914536,
        0.037769149988889694,
        0.030870966613292694,
        0.026086583733558655,
        0.022689441218972206
    ],
    "val_accuracy": [
        0.9826666712760925,
        0.9881666898727417,
        0.9908333420753479,
        0.9904999732971191,
        0.9901666641235352,
        0.9915000200271606,
        0.9903333187103271
    ],
    "val_loss": [
        0.05298526585102081,
        0.0377461202442646,
        0.038003433495759964,
        0.03498373553156853,
        0.03635729104280472,
        0.03928888961672783,
        0.0372246652841568
    ]
}